timestamp,open,high,low,close,volume
2022-09-29 00:00:00-04:00,115.5999984741211,116.06999969482422,113.05999755859375,114.80000305175781,58969700
2022-09-30 00:00:00-04:00,114.08000183105469,116.91999816894531,112.83999633789062,113.0,59479600
2022-10-03 00:00:00-04:00,113.58000183105469,116.91000366210938,112.44999694824219,115.87999725341797,50941900
2022-10-04 00:00:00-04:00,119.88999938964844,123.0,119.79000091552734,121.08999633789062,62812600
2022-10-05 00:00:00-04:00,118.58000183105469,121.75,117.69000244140625,120.94999694824219,48217500
2022-10-06 00:00:00-04:00,120.7699966430664,121.52999877929688,119.5,120.30000305175781,42253800
2022-10-07 00:00:00-04:00,118.0,118.16999816894531,113.87999725341797,114.55999755859375,54678000
2022-10-10 00:00:00-04:00,115.0999984741211,116.25,112.43000030517578,113.66999816894531,42339700
2022-10-11 00:00:00-04:00,112.70999908447266,115.4800033569336,110.38999938964844,112.20999908447266,56432200
2022-10-12 00:00:00-04:00,112.48999786376953,113.83000183105469,111.4000015258789,112.9000015258789,45728700
2022-10-13 00:00:00-04:00,107.87999725341797,113.44000244140625,105.3499984741211,112.52999877929688,86868100
2022-10-14 00:00:00-04:00,114.0999984741211,114.95999908447266,106.5999984741211,106.9000015258789,67737300
2022-10-17 00:00:00-04:00,110.11000061035156,114.19000244140625,110.08999633789062,113.79000091552734,62782000
2022-10-18 00:00:00-04:00,119.05999755859375,119.5199966430664,114.79000091552734,116.36000061035156,65607400
2022-10-19 00:00:00-04:00,114.70999908447266,116.58999633789062,113.22000122070312,115.06999969482422,47198100
2022-10-20 00:00:00-04:00,113.83000183105469,118.23999786376953,113.51000213623047,115.25,48795100
2022-10-21 00:00:00-04:00,114.79000091552734,119.58999633789062,114.5,119.31999969482422,55660500
2022-10-24 00:00:00-04:00,119.9800033569336,120.38999938964844,116.56999969482422,119.81999969482422,49531500
2022-10-25 00:00:00-04:00,119.6500015258789,121.31999969482422,118.94999694824219,120.5999984741211,50934600
2022-10-26 00:00:00-04:00,116.0,119.3499984741211,114.76000213623047,115.66000366210938,68802300
2022-10-27 00:00:00-04:00,113.91999816894531,114.12000274658203,109.7699966430664,110.95999908447266,129605400
2022-10-28 00:00:00-04:00,97.91000366210938,103.95999908447266,97.66000366210938,103.41000366210938,223133400
2022-10-31 00:00:00-04:00,103.55999755859375,104.87000274658203,100.73999786376953,102.44000244140625,99251400
2022-11-01 00:00:00-04:00,103.98999786376953,104.58000183105469,96.05999755859375,96.79000091552734,153370000
2022-11-02 00:00:00-04:00,97.31999969482422,97.73999786376953,92.01000213623047,92.12000274658203,135761800
2022-11-03 00:00:00-04:00,92.47000122070312,93.5,89.0199966430664,89.30000305175781,136683300
2022-11-04 00:00:00-04:00,91.48999786376953,92.44000244140625,88.04000091552734,90.9800033569336,129101300
2022-11-07 00:00:00-05:00,91.94999694824219,92.0999984741211,89.04000091552734,90.52999877929688,77495700
2022-11-08 00:00:00-05:00,90.79000091552734,91.72000122070312,88.2300033569336,89.9800033569336,88703400
2022-11-09 00:00:00-05:00,89.47000122070312,89.4800033569336,85.87000274658203,86.13999938964844,90796200
2022-11-10 00:00:00-05:00,92.94000244140625,98.69000244140625,91.6500015258789,96.62999725341797,173414900
2022-11-11 00:00:00-05:00,97.87999725341797,101.19000244140625,96.66000366210938,100.79000091552734,111590500
2022-11-14 00:00:00-05:00,98.7699966430664,100.12000274658203,97.29000091552734,98.48999786376953,99533100
2022-11-15 00:00:00-05:00,103.20999908447266,103.79000091552734,97.33999633789062,98.94000244140625,111336300
2022-11-16 00:00:00-05:00,96.8499984741211,98.48999786376953,95.54000091552734,97.12000274658203,87958800
2022-11-17 00:00:00-05:00,95.37000274658203,96.97000122070312,94.02999877929688,94.8499984741211,82617900
2022-11-18 00:00:00-05:00,95.94999694824219,95.98999786376953,92.4800033569336,94.13999938964844,72428200
2022-11-21 00:00:00-05:00,93.97000122070312,95.0199966430664,90.58999633789062,92.45999908447266,84330300
2022-11-22 00:00:00-05:00,92.62000274658203,93.3499984741211,90.87000274658203,93.19999694824219,62192000
2022-11-23 00:00:00-05:00,93.23999786376953,94.58000183105469,92.83000183105469,94.12999725341797,59414700
2022-11-25 00:00:00-05:00,93.79000091552734,94.43000030517578,93.06999969482422,93.41000366210938,35088600
2022-11-28 00:00:00-05:00,93.93000030517578,96.4000015258789,93.43000030517578,93.94999694824219,74943100
2022-11-29 00:00:00-05:00,94.04000091552734,94.41000366210938,91.44000244140625,92.41999816894531,65567300
2022-11-30 00:00:00-05:00,92.47000122070312,96.54000091552734,91.52999877929688,96.54000091552734,102805800
2022-12-01 00:00:00-05:00,96.98999786376953,97.2300033569336,94.91999816894531,95.5,68488000
2022-12-02 00:00:00-05:00,94.4800033569336,95.36000061035156,93.77999877929688,94.12999725341797,72496400
2022-12-05 00:00:00-05:00,93.05000305175781,94.05999755859375,90.81999969482422,91.01000213623047,71535500
2022-12-06 00:00:00-05:00,90.5,91.04000091552734,87.9000015258789,88.25,75503600
2022-12-07 00:00:00-05:00,88.33999633789062,89.88999938964844,87.4800033569336,88.45999908447266,68086900
2022-12-08 00:00:00-05:00,89.23999786376953,90.86000061035156,87.87999725341797,90.3499984741211,73305900
2022-12-09 00:00:00-05:00,88.9000015258789,90.30000305175781,88.62999725341797,89.08999633789062,67398500
2022-12-12 00:00:00-05:00,89.20999908447266,90.58000183105469,87.87000274658203,90.55000305175781,61999800
2022-12-13 00:00:00-05:00,95.2300033569336,96.25,90.5199966430664,92.48999786376953,100212000
2022-12-14 00:00:00-05:00,92.5,93.45999908447266,89.87000274658203,91.58000183105469,70298000
2022-12-15 00:00:00-05:00,89.88999938964844,89.97000122070312,87.47000122070312,88.44999694824219,84802900
2022-12-16 00:00:00-05:00,88.2699966430664,89.3499984741211,86.7300033569336,87.86000061035156,146144100
2022-12-19 00:00:00-05:00,87.51000213623047,87.62999725341797,84.51000213623047,84.91999816894531,83531500
2022-12-20 00:00:00-05:00,85.33000183105469,86.61000061035156,84.33000183105469,85.19000244140625,74348300
2022-12-21 00:00:00-05:00,86.18000030517578,87.2300033569336,85.20999908447266,86.7699966430664,59267200
2022-12-22 00:00:00-05:00,85.5199966430664,85.68000030517578,82.25,83.79000091552734,81431300
2022-12-23 00:00:00-05:00,83.25,85.77999877929688,82.93000030517578,85.25,57433700
2022-12-27 00:00:00-05:00,84.97000122070312,85.3499984741211,83.0,83.04000091552734,57284000
2022-12-28 00:00:00-05:00,82.80000305175781,83.4800033569336,81.69000244140625,81.81999969482422,58228600
2022-12-29 00:00:00-05:00,82.87000274658203,84.55000305175781,82.55000305175781,84.18000030517578,54995900
2022-12-30 00:00:00-05:00,83.12000274658203,84.05000305175781,82.47000122070312,84.0,62401200
2023-01-03 00:00:00-05:00,85.45999908447266,86.95999908447266,84.20999908447266,85.81999969482422,76706000
2023-01-04 00:00:00-05:00,86.55000305175781,86.9800033569336,83.36000061035156,85.13999938964844,68885100
2023-01-05 00:00:00-05:00,85.33000183105469,85.41999816894531,83.06999969482422,83.12000274658203,67930800
2023-01-06 00:00:00-05:00,83.02999877929688,86.4000015258789,81.43000030517578,86.08000183105469,83303400
2023-01-09 00:00:00-05:00,87.45999908447266,89.4800033569336,87.08000183105469,87.36000061035156,65266100
2023-01-10 00:00:00-05:00,87.56999969482422,90.19000244140625,87.29000091552734,89.87000274658203,67756600
2023-01-11 00:00:00-05:00,90.93000030517578,95.26000213623047,90.93000030517578,95.08999633789062,103126200
2023-01-12 00:00:00-05:00,96.93000030517578,97.19000244140625,93.5,95.2699966430664,85254800
2023-01-13 00:00:00-05:00,94.18000030517578,98.37000274658203,94.12000274658203,98.12000274658203,85549400
2023-01-17 00:00:00-05:00,98.68000030517578,98.88999938964844,95.7300033569336,96.05000305175781,72755000
2023-01-18 00:00:00-05:00,97.25,99.31999969482422,95.37999725341797,95.45999908447266,79570400
2023-01-19 00:00:00-05:00,94.73999786376953,95.44000244140625,92.86000061035156,93.68000030517578,69002700
2023-01-20 00:00:00-05:00,93.86000061035156,97.3499984741211,93.19999694824219,97.25,67481500
2023-01-23 00:00:00-05:00,97.55999755859375,97.77999877929688,95.86000061035156,97.5199966430664,76501100
2023-01-24 00:00:00-05:00,96.93000030517578,98.08999633789062,96.0,96.31999969482422,66929500
2023-01-25 00:00:00-05:00,92.55999755859375,97.23999786376953,91.5199966430664,97.18000030517578,94261600
2023-01-26 00:00:00-05:00,98.23999786376953,99.48999786376953,96.91999816894531,99.22000122070312,68523600
2023-01-27 00:00:00-05:00,99.52999877929688,103.48999786376953,99.52999877929688,102.23999786376953,87775600
2023-01-30 00:00:00-05:00,101.08999633789062,101.73999786376953,99.01000213623047,100.55000305175781,70691900
2023-01-31 00:00:00-05:00,101.16000366210938,103.3499984741211,101.13999938964844,103.12999725341797,66527300
2023-02-01 00:00:00-05:00,102.52999877929688,106.23999786376953,101.23999786376953,105.1500015258789,80450100
2023-02-02 00:00:00-05:00,110.25,114.0,108.87999725341797,112.91000366210938,158154200
2023-02-03 00:00:00-05:00,105.26000213623047,108.77999877929688,102.5199966430664,103.38999938964844,144374800
2023-02-06 00:00:00-05:00,102.93000030517578,103.94999694824219,100.6500015258789,102.18000030517578,81945200
2023-02-07 00:00:00-05:00,101.16999816894531,102.41000366210938,98.08000183105469,102.11000061035156,119501300
2023-02-08 00:00:00-05:00,102.04000091552734,102.66999816894531,98.77999877929688,100.05000305175781,75878300
2023-02-09 00:00:00-05:00,101.31999969482422,101.77999877929688,97.56999969482422,98.23999786376953,64622500
2023-02-10 00:00:00-05:00,97.55999755859375,98.81999969482422,96.2300033569336,97.61000061035156,52740100
2023-02-13 00:00:00-05:00,97.8499984741211,99.68000030517578,96.91000366210938,99.54000091552734,52841500
2023-02-14 00:00:00-05:00,98.41000366210938,100.91999816894531,97.5199966430664,99.69999694824219,56202900
2023-02-15 00:00:00-05:00,99.08999633789062,101.16999816894531,98.44999694824219,101.16000366210938,47957600
2023-02-16 00:00:00-05:00,99.20999908447266,100.62999725341797,98.0999984741211,98.1500015258789,56339200
2023-02-17 00:00:00-05:00,97.80000305175781,97.94000244140625,95.6500015258789,97.19999694824219,60029400
2023-02-21 00:00:00-05:00,95.33999633789062,95.61000061035156,94.2699966430664,94.58000183105469,56580400
2023-02-22 00:00:00-05:00,95.0999984741211,97.01000213623047,94.80000305175781,95.79000091552734,59534100
2023-02-23 00:00:00-05:00,96.12000274658203,96.43000030517578,93.66999816894531,95.81999969482422,48467000
2023-02-24 00:00:00-05:00,93.52999877929688,94.13999938964844,92.31999969482422,93.5,57053800
2023-02-27 00:00:00-05:00,94.27999877929688,94.77999877929688,93.13999938964844,93.76000213623047,47470300
2023-02-28 00:00:00-05:00,93.13999938964844,94.69000244140625,92.91999816894531,94.2300033569336,43959300
2023-03-01 00:00:00-05:00,93.87000274658203,94.68000030517578,91.58999633789062,92.16999816894531,52299500
2023-03-02 00:00:00-05:00,91.41000366210938,92.2300033569336,90.38999938964844,92.12999725341797,55509400
2023-03-03 00:00:00-05:00,92.73999786376953,94.94000244140625,92.66000366210938,94.9000015258789,55759600
2023-03-06 00:00:00-05:00,95.19000244140625,96.55000305175781,93.73999786376953,93.75,52112400
2023-03-07 00:00:00-05:00,94.05999755859375,95.08999633789062,92.77999877929688,93.55000305175781,49100700
2023-03-08 00:00:00-05:00,93.5999984741211,94.16999816894531,92.18000030517578,93.91999816894531,44899100
2023-03-09 00:00:00-05:00,93.68000030517578,96.20999908447266,92.18000030517578,92.25,56218700
2023-03-10 00:00:00-05:00,92.66999816894531,93.56999969482422,90.25,90.7300033569336,69827500
2023-03-13 00:00:00-04:00,89.97000122070312,94.0199966430664,88.12000274658203,92.43000030517578,72397100
2023-03-14 00:00:00-04:00,93.83000183105469,95.06999969482422,92.70999908447266,94.87999725341797,60912700
2023-03-15 00:00:00-04:00,93.22000122070312,96.66999816894531,93.06999969482422,96.19999694824219,70731800
2023-03-16 00:00:00-04:00,95.75,100.98999786376953,95.61000061035156,100.04000091552734,84446900
2023-03-17 00:00:00-04:00,99.79000091552734,100.66000366210938,97.45999908447266,98.94999694824219,87300200
2023-03-20 00:00:00-04:00,98.41000366210938,98.4800033569336,95.69999694824219,97.70999908447266,62388900
2023-03-21 00:00:00-04:00,98.13999938964844,100.8499984741211,98.0,100.61000061035156,58597300
2023-03-22 00:00:00-04:00,100.44999694824219,102.0999984741211,98.61000061035156,98.69999694824219,57475400
2023-03-23 00:00:00-04:00,100.43000030517578,101.05999755859375,97.62000274658203,98.70999908447266,57559300
2023-03-24 00:00:00-04:00,98.06999969482422,98.30000305175781,96.4000015258789,98.12999725341797,56095400
2023-03-27 00:00:00-04:00,99.06999969482422,99.33999633789062,97.08000183105469,98.04000091552734,46721300
2023-03-28 00:00:00-04:00,98.11000061035156,98.44000244140625,96.29000091552734,97.23999786376953,38720100
2023-03-29 00:00:00-04:00,98.69000244140625,100.41999816894531,98.55999755859375,100.25,49783300
2023-03-30 00:00:00-04:00,101.55000305175781,103.04000091552734,101.01000213623047,102.0,53633400
2023-03-31 00:00:00-04:00,102.16000366210938,103.48999786376953,101.94999694824219,103.29000091552734,56750300
2023-04-03 00:00:00-04:00,102.30000305175781,103.29000091552734,101.43000030517578,102.41000366210938,41135700
2023-04-04 00:00:00-04:00,102.75,104.19999694824219,102.11000061035156,103.94999694824219,48662500
2023-04-05 00:00:00-04:00,103.91000366210938,103.91000366210938,100.75,101.0999984741211,45175400
2023-04-06 00:00:00-04:00,100.75,102.37999725341797,99.80000305175781,102.05999755859375,43808000
2023-04-10 00:00:00-04:00,100.95999908447266,102.19999694824219,99.56999969482422,102.16999816894531,37261200
2023-04-11 00:00:00-04:00,100.80000305175781,101.0,99.01000213623047,99.91999816894531,60417800
2023-04-12 00:00:00-04:00,100.4000015258789,100.51000213623047,97.70999908447266,97.83000183105469,56735000
2023-04-13 00:00:00-04:00,98.94999694824219,102.56999969482422,98.70999908447266,102.4000015258789,67925100
2023-04-14 00:00:00-04:00,102.06999969482422,103.19999694824219,101.11000061035156,102.51000213623047,51450500
2023-04-17 00:00:00-04:00,103.16000366210938,103.7300033569336,101.58999633789062,102.73999786376953,39919500
2023-04-18 00:00:00-04:00,103.94999694824219,104.19999694824219,101.5199966430664,102.30000305175781,39790500
2023-04-19 00:00:00-04:00,101.58000183105469,105.12000274658203,101.38999938964844,104.30000305175781,58398900
2023-04-20 00:00:00-04:00,103.52999877929688,105.25,103.20999908447266,103.80999755859375,57696900
2023-04-21 00:00:00-04:00,106.0999984741211,108.1500015258789,105.08000183105469,106.95999908447266,86774200
2023-04-24 00:00:00-04:00,107.66000366210938,109.2300033569336,105.06999969482422,106.20999908447266,69575600
2023-04-25 00:00:00-04:00,104.91000366210938,105.44999694824219,102.44999694824219,102.56999969482422,65026800
2023-04-26 00:00:00-04:00,105.04000091552734,106.62000274658203,104.0999984741211,104.9800033569336,73803800
2023-04-27 00:00:00-04:00,108.16000366210938,110.86000061035156,106.80000305175781,109.81999969482422,149961200
2023-04-28 00:00:00-04:00,107.7300033569336,109.4800033569336,104.33000183105469,105.44999694824219,130715900
2023-05-01 00:00:00-04:00,104.94999694824219,105.2300033569336,101.81999969482422,102.05000305175781,74728100
2023-05-02 00:00:00-04:00,101.47000122070312,103.9000015258789,101.1500015258789,103.62999725341797,73469400
2023-05-03 00:00:00-04:00,103.73999786376953,105.95999908447266,103.27999877929688,103.6500015258789,65051900
2023-05-04 00:00:00-04:00,104.04000091552734,105.38999938964844,103.30999755859375,104.0,45345500
2023-05-05 00:00:00-04:00,104.2699966430664,105.76000213623047,103.55000305175781,105.66000366210938,56951700
2023-05-08 00:00:00-04:00,105.04000091552734,106.0999984741211,104.69999694824219,105.83000183105469,49430900
2023-05-09 00:00:00-04:00,105.4800033569336,106.79000091552734,105.16000366210938,106.62000274658203,44089400
2023-05-10 00:00:00-04:00,108.0999984741211,110.66999816894531,108.05000305175781,110.19000244140625,78627600
2023-05-11 00:00:00-04:00,111.02999877929688,113.27999877929688,110.48999786376953,112.18000030517578,74924800
2023-05-12 00:00:00-04:00,112.16000366210938,112.63999938964844,109.31999969482422,110.26000213623047,49852700
2023-05-15 00:00:00-04:00,111.1500015258789,112.29000091552734,109.25,111.19999694824219,53011100
2023-05-16 00:00:00-04:00,111.05000305175781,114.79000091552734,111.05000305175781,113.4000015258789,71472900
2023-05-17 00:00:00-04:00,114.88999938964844,115.83000183105469,114.22000122070312,115.5,65655200
2023-05-18 00:00:00-04:00,116.69000244140625,118.5999984741211,116.33999633789062,118.1500015258789,73174100
2023-05-19 00:00:00-04:00,118.16000366210938,118.30999755859375,115.69999694824219,116.25,55056300
2023-05-22 00:00:00-04:00,116.7699966430664,116.7699966430664,114.25,115.01000213623047,70741100
2023-05-23 00:00:00-04:00,114.2699966430664,117.13999938964844,113.77999877929688,114.98999786376953,67576300
2023-05-24 00:00:00-04:00,115.3499984741211,117.33999633789062,115.0199966430664,116.75,63487900
2023-05-25 00:00:00-04:00,116.62999725341797,116.87000274658203,114.30999755859375,115.0,66496700
2023-05-26 00:00:00-04:00,116.04000091552734,121.5,116.0199966430664,120.11000061035156,96779900
2023-05-30 00:00:00-04:00,122.37000274658203,122.91999816894531,119.86000061035156,121.66000366210938,64314800
2023-05-31 00:00:00-04:00,121.44999694824219,122.04000091552734,119.16999816894531,120.58000183105469,72800800
2023-06-01 00:00:00-04:00,120.69000244140625,123.48999786376953,119.93000030517578,122.7699966430664,54375100
2023-06-02 00:00:00-04:00,124.91999816894531,126.38999938964844,124.0199966430664,124.25,61264400
2023-06-05 00:00:00-04:00,123.36000061035156,125.80000305175781,123.02999877929688,125.30000305175781,47950100
2023-06-06 00:00:00-04:00,125.06999969482422,127.4000015258789,125.0,126.61000061035156,45695200
2023-06-07 00:00:00-04:00,127.01000213623047,127.37000274658203,120.62999725341797,121.2300033569336,95663300
2023-06-08 00:00:00-04:00,123.01000213623047,125.62999725341797,122.26000213623047,124.25,62159300
2023-06-09 00:00:00-04:00,124.08000183105469,125.80000305175781,123.19000244140625,123.43000030517578,51396000
2023-06-12 00:00:00-04:00,124.0199966430664,126.77999877929688,123.52999877929688,126.56999969482422,51338000
2023-06-13 00:00:00-04:00,128.1199951171875,128.41000366210938,125.18000030517578,126.66000366210938,50564800
2023-06-14 00:00:00-04:00,126.69999694824219,126.94999694824219,124.12000274658203,126.41999816894531,52422500
2023-06-15 00:00:00-04:00,125.20999908447266,127.69000244140625,124.31999969482422,127.11000061035156,60458500
2023-06-16 00:00:00-04:00,127.70999908447266,127.9000015258789,125.30000305175781,125.48999786376953,84247100
2023-06-20 00:00:00-04:00,124.97000122070312,127.25,124.5,125.77999877929688,56930100
2023-06-21 00:00:00-04:00,125.63999938964844,126.7300033569336,123.8499984741211,124.83000183105469,52137700
2023-06-22 00:00:00-04:00,125.30999755859375,130.3300018310547,125.13999938964844,130.14999389648438,90354600
2023-06-23 00:00:00-04:00,129.11000061035156,130.83999633789062,128.27999877929688,129.3300018310547,71927800
2023-06-26 00:00:00-04:00,129.3300018310547,131.49000549316406,127.0999984741211,127.33000183105469,59989300
2023-06-27 00:00:00-04:00,128.6300048828125,130.08999633789062,127.55000305175781,129.17999267578125,46801000
2023-06-28 00:00:00-04:00,128.94000244140625,131.47999572753906,128.44000244140625,129.0399932861328,52149500
2023-06-29 00:00:00-04:00,128.77000427246094,129.25999450683594,127.26000213623047,127.9000015258789,40761000
2023-06-30 00:00:00-04:00,129.47000122070312,131.25,128.9499969482422,130.36000061035156,54350700
2023-07-03 00:00:00-04:00,130.82000732421875,131.85000610351562,130.07000732421875,130.22000122070312,28264800
2023-07-05 00:00:00-04:00,130.24000549316406,131.39999389648438,129.63999938964844,130.3800048828125,35895400
2023-07-06 00:00:00-04:00,128.25,128.72999572753906,127.37000274658203,128.36000061035156,40639900
2023-07-07 00:00:00-04:00,128.58999633789062,130.97000122070312,128.1300048828125,129.77999877929688,41992300
2023-07-10 00:00:00-04:00,129.07000732421875,129.27999877929688,125.91999816894531,127.12999725341797,61889300
2023-07-11 00:00:00-04:00,127.75,129.77000427246094,127.3499984741211,128.77999877929688,49951500
2023-07-12 00:00:00-04:00,130.30999755859375,131.25999450683594,128.8300018310547,130.8000030517578,54022800
2023-07-13 00:00:00-04:00,134.0399932861328,134.6699981689453,132.7100067138672,134.3000030517578,61170900
2023-07-14 00:00:00-04:00,134.05999755859375,136.64999389648438,134.05999755859375,134.67999267578125,54487100
2023-07-17 00:00:00-04:00,134.55999755859375,135.6199951171875,133.2100067138672,133.55999755859375,48450200
2023-07-18 00:00:00-04:00,132.7100067138672,133.86000061035156,131.35000610351562,132.8300018310547,54882900
2023-07-19 00:00:00-04:00,133.38999938964844,135.99000549316406,132.52999877929688,135.36000061035156,54531000
2023-07-20 00:00:00-04:00,134.07000732421875,134.7899932861328,129.3300018310547,129.9600067138672,59820600
2023-07-21 00:00:00-04:00,131.33999633789062,131.3699951171875,128.4199981689453,130.0,133307300
2023-07-24 00:00:00-04:00,130.30999755859375,131.66000366210938,128.35000610351562,128.8000030517578,45591100
2023-07-25 00:00:00-04:00,129.30999755859375,129.5800018310547,128.52999877929688,129.1300048828125,39236700
2023-07-26 00:00:00-04:00,126.51000213623047,129.0800018310547,126.11000061035156,128.14999389648438,53910100
2023-07-27 00:00:00-04:00,131.0,132.6300048828125,127.79000091552734,128.25,52610700
2023-07-28 00:00:00-04:00,129.69000244140625,133.00999450683594,129.3300018310547,132.2100067138672,46317400
2023-07-31 00:00:00-04:00,133.1999969482422,133.8699951171875,132.3800048828125,133.67999267578125,41901500
2023-08-01 00:00:00-04:00,133.5500030517578,133.69000244140625,131.6199951171875,131.69000244140625,42098500
2023-08-02 00:00:00-04:00,130.14999389648438,130.22999572753906,126.81999969482422,128.2100067138672,51027600
2023-08-03 00:00:00-04:00,127.4800033569336,129.83999633789062,126.41000366210938,128.91000366210938,88585200
2023-08-04 00:00:00-04:00,141.05999755859375,143.6300048828125,139.32000732421875,139.57000732421875,153128500
2023-08-07 00:00:00-04:00,140.99000549316406,142.5399932861328,138.9499969482422,142.22000122070312,71213100
2023-08-08 00:00:00-04:00,140.6199951171875,140.83999633789062,138.4199981689453,139.94000244140625,51710500
2023-08-09 00:00:00-04:00,139.97000122070312,140.32000732421875,137.10000610351562,137.85000610351562,50017300
2023-08-10 00:00:00-04:00,139.07000732421875,140.41000366210938,137.49000549316406,138.55999755859375,58928400
2023-08-11 00:00:00-04:00,137.39999389648438,139.3300018310547,137.0,138.41000366210938,42905800
2023-08-14 00:00:00-04:00,138.3000030517578,140.58999633789062,137.75,140.57000732421875,47148700
2023-08-15 00:00:00-04:00,140.0500030517578,141.27999877929688,137.22999572753906,137.6699981689453,42781500
2023-08-16 00:00:00-04:00,137.19000244140625,137.27000427246094,135.00999450683594,135.07000732421875,41675900
2023-08-17 00:00:00-04:00,135.4600067138672,136.08999633789062,133.52999877929688,133.97999572753906,48354100
2023-08-18 00:00:00-04:00,131.6199951171875,134.07000732421875,131.14999389648438,133.22000122070312,48497700
2023-08-21 00:00:00-04:00,133.74000549316406,135.19000244140625,132.7100067138672,134.67999267578125,41442500
2023-08-22 00:00:00-04:00,135.0800018310547,135.64999389648438,133.72999572753906,134.25,32905400
2023-08-23 00:00:00-04:00,134.5,135.9499969482422,133.22000122070312,135.52000427246094,42801000
2023-08-24 00:00:00-04:00,136.39999389648438,136.77999877929688,131.8300018310547,131.83999633789062,43646300
2023-08-25 00:00:00-04:00,132.47000122070312,133.8699951171875,130.5800018310547,133.25999450683594,44147500
2023-08-28 00:00:00-04:00,133.77999877929688,133.9499969482422,131.85000610351562,133.13999938964844,34108400
2023-08-29 00:00:00-04:00,133.3800048828125,135.13999938964844,133.25,134.91000366210938,38646100
2023-08-30 00:00:00-04:00,134.92999267578125,135.67999267578125,133.9199981689453,135.07000732421875,36137000
2023-08-31 00:00:00-04:00,135.05999755859375,138.7899932861328,135.0,138.00999450683594,58781300
2023-09-01 00:00:00-04:00,139.4600067138672,139.9600067138672,136.8800048828125,138.1199951171875,40991500
2023-09-05 00:00:00-04:00,137.72999572753906,137.8000030517578,135.82000732421875,137.27000427246094,40636700
2023-09-06 00:00:00-04:00,136.32000732421875,137.4499969482422,134.61000061035156,135.36000061035156,41785500
2023-09-07 00:00:00-04:00,133.89999389648438,138.02999877929688,133.16000366210938,137.85000610351562,48498900
2023-09-08 00:00:00-04:00,136.86000061035156,138.85000610351562,136.75,138.22999572753906,38348200
2023-09-11 00:00:00-04:00,138.75,143.6199951171875,138.63999938964844,143.10000610351562,56764500
2023-09-12 00:00:00-04:00,142.32000732421875,143.0,140.61000061035156,141.22999572753906,42668500
2023-09-13 00:00:00-04:00,140.9499969482422,144.97999572753906,140.8699951171875,144.85000610351562,60465200
2023-09-14 00:00:00-04:00,145.0800018310547,145.86000061035156,142.9499969482422,144.72000122070312,64033600
2023-09-15 00:00:00-04:00,142.69000244140625,143.57000732421875,140.08999633789062,140.38999938964844,102909300
2023-09-18 00:00:00-04:00,140.47999572753906,141.75,139.22000122070312,139.97999572753906,42823500
2023-09-19 00:00:00-04:00,138.6999969482422,138.83999633789062,135.55999755859375,137.6300048828125,61482500
2023-09-20 00:00:00-04:00,138.5500030517578,139.3699951171875,135.1999969482422,135.2899932861328,46263700
2023-09-21 00:00:00-04:00,131.94000244140625,132.24000549316406,129.30999755859375,129.3300018310547,70343300
2023-09-22 00:00:00-04:00,131.11000061035156,132.02999877929688,128.52000427246094,129.1199951171875,59904300
2023-09-25 00:00:00-04:00,129.36000061035156,131.77999877929688,128.77000427246094,131.27000427246094,46017800
2023-09-26 00:00:00-04:00,130.1199951171875,130.38999938964844,125.27999877929688,125.9800033569336,73048200
2023-09-27 00:00:00-04:00,125.76000213623047,127.4800033569336,124.12999725341797,125.9800033569336,66553400
2023-09-28 00:00:00-04:00,124.04000091552734,126.58000183105469,123.04000091552734,125.9800033569336,54555000
2023-09-29 00:00:00-04:00,128.1999969482422,129.14999389648438,126.31999969482422,127.12000274658203,62411700
2023-10-02 00:00:00-04:00,127.27999877929688,130.47000122070312,126.54000091552734,129.4600067138672,48029700
2023-10-03 00:00:00-04:00,128.05999755859375,128.52000427246094,124.25,124.72000122070312,51565000
2023-10-04 00:00:00-04:00,126.05999755859375,127.36000061035156,125.68000030517578,127.0,44203900
2023-10-05 00:00:00-04:00,126.70999908447266,126.7300033569336,124.33000183105469,125.95999908447266,39660600
2023-10-06 00:00:00-04:00,124.16000366210938,128.4499969482422,124.12999725341797,127.95999908447266,46836700
2023-10-09 00:00:00-04:00,126.22000122070312,128.7899932861328,124.76000213623047,128.25999450683594,38773700
2023-10-10 00:00:00-04:00,128.82000732421875,130.74000549316406,128.0500030517578,129.47999572753906,42178600
2023-10-11 00:00:00-04:00,129.74000549316406,132.0500030517578,129.61000061035156,131.8300018310547,40741800
2023-10-12 00:00:00-04:00,132.1699981689453,134.47999572753906,131.22999572753906,132.3300018310547,55528600
2023-10-13 00:00:00-04:00,132.97999572753906,133.30999755859375,128.9499969482422,129.7899932861328,45786600
2023-10-16 00:00:00-04:00,130.69000244140625,133.07000732421875,130.42999267578125,132.5500030517578,42832900
2023-10-17 00:00:00-04:00,130.38999938964844,132.5800018310547,128.7100067138672,131.47000122070312,49344600
2023-10-18 00:00:00-04:00,129.89999389648438,130.6699981689453,127.51000213623047,128.1300048828125,42699500
2023-10-19 00:00:00-04:00,130.57000732421875,132.24000549316406,127.47000122070312,128.39999389648438,60961400
2023-10-20 00:00:00-04:00,128.0500030517578,128.1699981689453,124.97000122070312,125.16999816894531,56406400
2023-10-23 00:00:00-04:00,124.62999725341797,127.87999725341797,123.9800033569336,126.55999755859375,48260000
2023-10-24 00:00:00-04:00,127.73999786376953,128.8000030517578,126.33999633789062,128.55999755859375,46477400
2023-10-25 00:00:00-04:00,126.04000091552734,126.33999633789062,120.79000091552734,121.38999938964844,74577500
2023-10-26 00:00:00-04:00,120.62999725341797,121.63999938964844,118.3499984741211,119.56999969482422,100419500
2023-10-27 00:00:00-04:00,126.19999694824219,130.02000427246094,125.5199966430664,127.73999786376953,125309300
2023-10-30 00:00:00-04:00,129.72000122070312,133.0,128.55999755859375,132.7100067138672,72485500
2023-10-31 00:00:00-04:00,132.75,133.57000732421875,131.7100067138672,133.08999633789062,51589400
2023-11-01 00:00:00-04:00,133.9600067138672,137.35000610351562,133.7100067138672,137.0,61529400
2023-11-02 00:00:00-04:00,138.72999572753906,138.80999755859375,136.47000122070312,138.07000732421875,52236700
2023-11-03 00:00:00-04:00,138.99000549316406,139.49000549316406,137.4499969482422,138.60000610351562,44059800
2023-11-06 00:00:00-05:00,138.75999450683594,140.72999572753906,138.36000061035156,139.74000549316406,44970400
2023-11-07 00:00:00-05:00,140.5500030517578,143.3699951171875,140.5,142.7100067138672,53553500
2023-11-08 00:00:00-05:00,142.97000122070312,143.1199951171875,141.22000122070312,142.0800018310547,44521700
2023-11-09 00:00:00-05:00,142.02000427246094,142.64999389648438,139.83999633789062,140.60000610351562,36235400
2023-11-10 00:00:00-05:00,140.4600067138672,143.64999389648438,139.91000366210938,143.55999755859375,49287800
2023-11-13 00:00:00-05:00,142.0800018310547,143.22999572753906,140.6699981689453,142.58999633789062,35680600
2023-11-14 00:00:00-05:00,145.0,147.25999450683594,144.67999267578125,145.8000030517578,56674600
2023-11-15 00:00:00-05:00,147.05999755859375,147.2899932861328,142.58999633789062,143.1999969482422,63875700
2023-11-16 00:00:00-05:00,140.91000366210938,143.32000732421875,139.52000427246094,142.8300018310547,49653500
2023-11-17 00:00:00-05:00,142.66000366210938,145.22999572753906,142.5399932861328,145.17999267578125,49636700
2023-11-20 00:00:00-05:00,145.1300048828125,146.6300048828125,144.72999572753906,146.1300048828125,41951200
2023-11-21 00:00:00-05:00,143.91000366210938,144.0500030517578,141.5,143.89999389648438,71226000
2023-11-22 00:00:00-05:00,144.57000732421875,147.74000549316406,144.57000732421875,146.7100067138672,45669100
2023-11-24 00:00:00-05:00,146.6999969482422,147.1999969482422,145.32000732421875,146.74000549316406,22378400
2023-11-27 00:00:00-05:00,147.52999877929688,149.25999450683594,146.8800048828125,147.72999572753906,53762400
2023-11-28 00:00:00-05:00,146.97999572753906,147.60000610351562,145.52999877929688,147.02999877929688,42711700
2023-11-29 00:00:00-05:00,147.85000610351562,148.5399932861328,145.97000122070312,146.32000732421875,40610900
2023-11-30 00:00:00-05:00,144.75999450683594,146.92999267578125,144.3300018310547,146.08999633789062,65814000
2023-12-01 00:00:00-05:00,146.0,147.25,145.5500030517578,147.02999877929688,39951800
2023-12-04 00:00:00-05:00,145.25,145.35000610351562,142.80999755859375,144.83999633789062,48294200
2023-12-05 00:00:00-05:00,143.5500030517578,148.57000732421875,143.1300048828125,146.8800048828125,46822400
2023-12-06 00:00:00-05:00,147.5800018310547,147.85000610351562,144.27999877929688,144.52000427246094,39679000
2023-12-07 00:00:00-05:00,146.14999389648438,147.9199981689453,145.33999633789062,146.8800048828125,52352800
2023-12-08 00:00:00-05:00,145.47999572753906,147.83999633789062,145.39999389648438,147.4199981689453,41906000
2023-12-11 00:00:00-05:00,145.66000366210938,146.19000244140625,143.63999938964844,145.88999938964844,50907300
2023-12-12 00:00:00-05:00,145.52000427246094,147.5,145.3000030517578,147.47999572753906,44944300
2023-12-13 00:00:00-05:00,148.1199951171875,149.4600067138672,146.82000732421875,148.83999633789062,52766200
2023-12-14 00:00:00-05:00,149.92999267578125,150.5399932861328,145.52000427246094,147.4199981689453,58400800
2023-12-15 00:00:00-05:00,148.3800048828125,150.57000732421875,147.8800048828125,149.97000122070312,110089300
2023-12-18 00:00:00-05:00,150.55999755859375,154.85000610351562,150.0500030517578,154.07000732421875,62512800
2023-12-19 00:00:00-05:00,154.39999389648438,155.1199951171875,152.69000244140625,153.7899932861328,43171300
2023-12-20 00:00:00-05:00,152.89999389648438,155.6300048828125,151.55999755859375,152.1199951171875,50322100
2023-12-21 00:00:00-05:00,153.3000030517578,153.97000122070312,152.10000610351562,153.83999633789062,36305700
2023-12-22 00:00:00-05:00,153.77000427246094,154.35000610351562,152.7100067138672,153.4199981689453,29514100
2023-12-26 00:00:00-05:00,153.55999755859375,153.97999572753906,153.02999877929688,153.41000366210938,25067200
2023-12-27 00:00:00-05:00,153.55999755859375,154.77999877929688,153.1199951171875,153.33999633789062,31434700
2023-12-28 00:00:00-05:00,153.72000122070312,154.0800018310547,152.9499969482422,153.3800048828125,27057000
2023-12-29 00:00:00-05:00,153.10000610351562,153.88999938964844,151.02999877929688,151.94000244140625,39823200
2024-01-02 00:00:00-05:00,151.5399932861328,152.3800048828125,148.38999938964844,149.92999267578125,47339400
2024-01-03 00:00:00-05:00,149.1999969482422,151.0500030517578,148.3300018310547,148.47000122070312,49425500
2024-01-04 00:00:00-05:00,145.58999633789062,147.3800048828125,144.0500030517578,144.57000732421875,56039800
2024-01-05 00:00:00-05:00,144.69000244140625,146.58999633789062,144.52999877929688,145.24000549316406,45153100
2024-01-08 00:00:00-05:00,146.74000549316406,149.39999389648438,146.14999389648438,149.10000610351562,46757100
2024-01-09 00:00:00-05:00,148.3300018310547,151.7100067138672,148.2100067138672,151.3699951171875,43812600
2024-01-10 00:00:00-05:00,152.05999755859375,154.4199981689453,151.8800048828125,153.72999572753906,44421800
2024-01-11 00:00:00-05:00,155.0399932861328,157.1699981689453,153.1199951171875,155.17999267578125,49072700
2024-01-12 00:00:00-05:00,155.38999938964844,156.1999969482422,154.00999450683594,154.6199951171875,40484200
2024-01-16 00:00:00-05:00,153.52999877929688,154.99000549316406,152.14999389648438,153.16000366210938,41384600
2024-01-17 00:00:00-05:00,151.49000549316406,152.14999389648438,149.91000366210938,151.7100067138672,34953400
2024-01-18 00:00:00-05:00,152.77000427246094,153.77999877929688,151.82000732421875,153.5,37850200
2024-01-19 00:00:00-05:00,153.8300018310547,155.75999450683594,152.74000549316406,155.33999633789062,51651600
2024-01-22 00:00:00-05:00,156.88999938964844,157.0500030517578,153.89999389648438,154.77999877929688,43687500
2024-01-23 00:00:00-05:00,154.85000610351562,156.2100067138672,153.92999267578125,156.02000427246094,37986000
2024-01-24 00:00:00-05:00,157.8000030517578,158.50999450683594,156.47999572753906,156.8699951171875,48547300
2024-01-25 00:00:00-05:00,156.9499969482422,158.50999450683594,154.5500030517578,157.75,43638600
2024-01-26 00:00:00-05:00,158.4199981689453,160.72000122070312,157.91000366210938,159.1199951171875,51047400
2024-01-29 00:00:00-05:00,159.33999633789062,161.2899932861328,158.89999389648438,161.25999450683594,45270400
2024-01-30 00:00:00-05:00,160.6999969482422,161.72999572753906,158.49000549316406,159.0,45207400
2024-01-31 00:00:00-05:00,157.0,159.00999450683594,154.80999755859375,155.1999969482422,50284400
2024-02-01 00:00:00-05:00,155.8699951171875,159.75999450683594,155.6199951171875,159.27999877929688,76542400
2024-02-02 00:00:00-05:00,169.19000244140625,172.5,167.3300018310547,171.80999755859375,117218300
2024-02-05 00:00:00-05:00,170.1999969482422,170.5500030517578,167.6999969482422,170.30999755859375,55081300
2024-02-06 00:00:00-05:00,169.38999938964844,170.7100067138672,167.64999389648438,169.14999389648438,42505500
2024-02-07 00:00:00-05:00,169.47999572753906,170.8800048828125,168.94000244140625,170.52999877929688,47174100
2024-02-08 00:00:00-05:00,169.64999389648438,171.42999267578125,168.8800048828125,169.83999633789062,42316500
2024-02-09 00:00:00-05:00,170.89999389648438,175.0,170.5800018310547,174.4499969482422,56986000
2024-02-12 00:00:00-05:00,174.8000030517578,175.38999938964844,171.5399932861328,172.33999633789062,51050400
2024-02-13 00:00:00-05:00,167.72999572753906,170.9499969482422,165.75,168.63999938964844,56345100
2024-02-14 00:00:00-05:00,169.2100067138672,171.2100067138672,168.27999877929688,170.97999572753906,42815500
2024-02-15 00:00:00-05:00,170.5800018310547,171.1699981689453,167.58999633789062,169.8000030517578,49855200
2024-02-16 00:00:00-05:00,168.74000549316406,170.4199981689453,167.1699981689453,169.50999450683594,48107700
2024-02-20 00:00:00-05:00,167.8300018310547,168.7100067138672,165.74000549316406,167.0800018310547,41980300
2024-02-21 00:00:00-05:00,168.94000244140625,170.22999572753906,167.13999938964844,168.58999633789062,44420100
2024-02-22 00:00:00-05:00,173.10000610351562,174.8000030517578,171.77000427246094,174.5800018310547,55392400
2024-02-23 00:00:00-05:00,174.27999877929688,175.75,173.6999969482422,174.99000549316406,59715200
2024-02-26 00:00:00-05:00,175.6999969482422,176.3699951171875,174.25999450683594,174.72999572753906,44368600
2024-02-27 00:00:00-05:00,174.0800018310547,174.6199951171875,172.86000061035156,173.5399932861328,31141700
2024-02-28 00:00:00-05:00,172.44000244140625,174.0500030517578,172.27000427246094,173.16000366210938,28180500
2024-02-29 00:00:00-05:00,173.00999450683594,177.22000122070312,172.85000610351562,176.75999450683594,53805400
2024-03-01 00:00:00-05:00,176.75,178.72999572753906,176.07000732421875,178.22000122070312,31981200
2024-03-04 00:00:00-05:00,177.52999877929688,180.13999938964844,177.49000549316406,177.5800018310547,37381500
2024-03-05 00:00:00-05:00,176.92999267578125,176.92999267578125,173.3000030517578,174.1199951171875,37228300
2024-03-06 00:00:00-05:00,175.5399932861328,176.4600067138672,173.25999450683594,173.50999450683594,32090900
2024-03-07 00:00:00-05:00,174.8300018310547,177.99000549316406,173.72000122070312,176.82000732421875,34063300
2024-03-08 00:00:00-05:00,176.44000244140625,178.7899932861328,174.3300018310547,175.35000610351562,37893200
2024-03-11 00:00:00-04:00,174.30999755859375,174.47000122070312,171.47000122070312,171.9600067138672,28484800
2024-03-12 00:00:00-04:00,173.5,176.75999450683594,171.97999572753906,175.38999938964844,36610600
2024-03-13 00:00:00-04:00,175.89999389648438,177.6199951171875,175.5500030517578,176.55999755859375,30772600
2024-03-14 00:00:00-04:00,177.69000244140625,179.52999877929688,176.47000122070312,178.75,43705800
2024-03-15 00:00:00-04:00,176.63999938964844,177.92999267578125,173.89999389648438,174.4199981689453,72147400
2024-03-18 00:00:00-04:00,175.8000030517578,176.69000244140625,174.27999877929688,174.47999572753906,31250700
2024-03-19 00:00:00-04:00,174.22000122070312,176.08999633789062,173.52000427246094,175.89999389648438,26880900
2024-03-20 00:00:00-04:00,176.13999938964844,178.52999877929688,174.63999938964844,178.14999389648438,29947200
2024-03-21 00:00:00-04:00,179.99000549316406,181.4199981689453,178.14999389648438,178.14999389648438,32824300
2024-03-22 00:00:00-04:00,177.75,179.25999450683594,176.75,178.8699951171875,27995400
2024-03-25 00:00:00-04:00,178.00999450683594,180.99000549316406,177.24000549316406,179.7100067138672,29815500
2024-03-26 00:00:00-04:00,180.14999389648438,180.4499969482422,177.9499969482422,178.3000030517578,29659000
2024-03-27 00:00:00-04:00,179.8800048828125,180.0,177.30999755859375,179.8300018310547,33272600
2024-03-28 00:00:00-04:00,180.1699981689453,181.6999969482422,179.25999450683594,180.3800048828125,38051600
2024-04-01 00:00:00-04:00,180.7899932861328,183.0,179.9499969482422,180.97000122070312,29174500
2024-04-02 00:00:00-04:00,179.07000732421875,180.7899932861328,178.3800048828125,180.69000244140625,32611500
2024-04-03 00:00:00-04:00,179.89999389648438,182.8699951171875,179.8000030517578,182.41000366210938,31046600
2024-04-04 00:00:00-04:00,184.0,185.10000610351562,180.0,180.0,41624300
2024-04-05 00:00:00-04:00,182.3800048828125,186.27000427246094,181.97000122070312,185.07000732421875,42374000
2024-04-08 00:00:00-04:00,186.89999389648438,187.2899932861328,184.80999755859375,185.19000244140625,39221300
2024-04-09 00:00:00-04:00,187.24000549316406,187.33999633789062,184.1999969482422,185.6699981689453,36520100
2024-04-10 00:00:00-04:00,182.77000427246094,186.27000427246094,182.6699981689453,185.9499969482422,35879200
2024-04-11 00:00:00-04:00,186.74000549316406,189.77000427246094,185.50999450683594,189.0500030517578,40020700
2024-04-12 00:00:00-04:00,187.72000122070312,188.3800048828125,185.0800018310547,186.1300048828125,38608800
2024-04-15 00:00:00-04:00,187.42999267578125,188.69000244140625,183.0,183.6199951171875,48052400
2024-04-16 00:00:00-04:00,183.27000427246094,184.8300018310547,182.25999450683594,183.32000732421875,32891300
2024-04-17 00:00:00-04:00,184.30999755859375,184.57000732421875,179.82000732421875,181.27999877929688,31359700
2024-04-18 00:00:00-04:00,181.47000122070312,182.38999938964844,178.64999389648438,179.22000122070312,30723800
2024-04-19 00:00:00-04:00,178.74000549316406,179.0,173.44000244140625,174.6300048828125,56000700
2024-04-22 00:00:00-04:00,176.94000244140625,178.8699951171875,174.55999755859375,177.22999572753906,37924900
2024-04-23 00:00:00-04:00,178.0800018310547,179.92999267578125,175.97999572753906,179.5399932861328,37046500
2024-04-24 00:00:00-04:00,179.94000244140625,180.32000732421875,176.17999267578125,176.58999633789062,34185100
2024-04-25 00:00:00-04:00,169.67999267578125,173.9199981689453,166.32000732421875,173.6699981689453,49249400
2024-04-26 00:00:00-04:00,177.8000030517578,180.82000732421875,176.1300048828125,179.6199951171875,43919800
2024-04-29 00:00:00-04:00,182.75,183.52999877929688,179.38999938964844,180.9600067138672,54063900
2024-04-30 00:00:00-04:00,181.08999633789062,182.99000549316406,174.8000030517578,175.0,94639800
2024-05-01 00:00:00-04:00,181.63999938964844,185.14999389648438,176.55999755859375,179.0,94645100
2024-05-02 00:00:00-04:00,180.85000610351562,185.10000610351562,179.91000366210938,184.72000122070312,54303500
2024-05-03 00:00:00-04:00,186.99000549316406,187.8699951171875,185.4199981689453,186.2100067138672,39172000
2024-05-06 00:00:00-04:00,186.27999877929688,188.75,184.8000030517578,188.6999969482422,34725300
2024-05-07 00:00:00-04:00,188.9199981689453,189.94000244140625,187.30999755859375,188.75999450683594,34048900
2024-05-08 00:00:00-04:00,187.44000244140625,188.42999267578125,186.38999938964844,188.0,26136400
2024-05-09 00:00:00-04:00,188.8800048828125,191.6999969482422,187.44000244140625,189.5,43368400
2024-05-10 00:00:00-04:00,189.16000366210938,189.88999938964844,186.92999267578125,187.47999572753906,34141800
2024-05-13 00:00:00-04:00,188.0,188.30999755859375,185.36000061035156,186.57000732421875,24898600
2024-05-14 00:00:00-04:00,183.82000732421875,187.72000122070312,183.4499969482422,187.07000732421875,38698200
2024-05-15 00:00:00-04:00,185.97000122070312,186.72000122070312,182.72999572753906,185.99000549316406,75459900
2024-05-16 00:00:00-04:00,185.60000610351562,187.30999755859375,183.4600067138672,183.6300048828125,38834500
2024-05-17 00:00:00-04:00,183.75999450683594,185.3000030517578,183.35000610351562,184.6999969482422,33175700
2024-05-20 00:00:00-04:00,184.33999633789062,186.6699981689453,183.27999877929688,183.5399932861328,30511800
2024-05-21 00:00:00-04:00,182.3000030517578,183.25999450683594,180.75,183.14999389648438,50839100
2024-05-22 00:00:00-04:00,183.8800048828125,185.22000122070312,181.97000122070312,183.1300048828125,28148800
2024-05-23 00:00:00-04:00,183.66000366210938,184.75999450683594,180.0800018310547,181.0500030517578,33670200
2024-05-24 00:00:00-04:00,181.64999389648438,182.44000244140625,180.3000030517578,180.75,27471600
2024-05-28 00:00:00-04:00,179.92999267578125,182.24000549316406,179.49000549316406,182.14999389648438,29927000
2024-05-29 00:00:00-04:00,181.6999969482422,184.0800018310547,181.5500030517578,182.02000427246094,32009300
2024-05-30 00:00:00-04:00,181.30999755859375,181.33999633789062,178.36000061035156,179.32000732421875,29184700
2024-05-31 00:00:00-04:00,178.3000030517578,179.2100067138672,173.8699951171875,176.44000244140625,58903900
2024-06-03 00:00:00-04:00,177.6999969482422,178.6999969482422,175.9199981689453,178.33999633789062,30786600
2024-06-04 00:00:00-04:00,177.63999938964844,179.82000732421875,176.44000244140625,179.33999633789062,27198400
2024-06-05 00:00:00-04:00,180.10000610351562,181.5,178.75,181.27999877929688,32116400
2024-06-06 00:00:00-04:00,181.75,185.0,181.49000549316406,185.0,31371200
2024-06-07 00:00:00-04:00,184.89999389648438,186.2899932861328,183.36000061035156,184.3000030517578,28021500
2024-06-10 00:00:00-04:00,184.07000732421875,187.22999572753906,183.7899932861328,187.05999755859375,34445600
2024-06-11 00:00:00-04:00,187.05999755859375,187.77000427246094,184.5399932861328,187.22999572753906,27265100
2024-06-12 00:00:00-04:00,188.02000427246094,188.35000610351562,185.42999267578125,186.88999938964844,33984200
2024-06-13 00:00:00-04:00,186.08999633789062,187.6699981689453,182.6699981689453,183.8300018310547,39721500
2024-06-14 00:00:00-04:00,183.0800018310547,183.72000122070312,182.22999572753906,183.66000366210938,25456400
2024-06-17 00:00:00-04:00,182.52000427246094,185.0,181.22000122070312,184.05999755859375,35601900
2024-06-18 00:00:00-04:00,183.74000549316406,184.2899932861328,181.42999267578125,182.80999755859375,36659200
2024-06-20 00:00:00-04:00,182.91000366210938,186.50999450683594,182.72000122070312,186.10000610351562,44726800
2024-06-21 00:00:00-04:00,187.8000030517578,189.27999877929688,185.86000061035156,189.0800018310547,70792500
2024-06-24 00:00:00-04:00,189.3300018310547,191.0,185.3300018310547,185.57000732421875,50610400
2024-06-25 00:00:00-04:00,186.80999755859375,188.83999633789062,185.4199981689453,186.33999633789062,45366400
2024-06-26 00:00:00-04:00,186.9199981689453,194.8000030517578,186.25999450683594,193.61000061035156,65103900
2024-06-27 00:00:00-04:00,195.00999450683594,199.83999633789062,194.1999969482422,197.85000610351562,74397500
2024-06-28 00:00:00-04:00,197.72999572753906,198.85000610351562,192.5,193.25,76930200
2024-07-01 00:00:00-04:00,193.49000549316406,198.3000030517578,192.82000732421875,197.1999969482422,41192000
2024-07-02 00:00:00-04:00,197.27999877929688,200.42999267578125,195.92999267578125,200.0,45600000
2024-07-03 00:00:00-04:00,199.94000244140625,200.02999877929688,196.75999450683594,197.58999633789062,31597900
2024-07-05 00:00:00-04:00,198.64999389648438,200.5500030517578,198.1699981689453,200.0,39858900
2024-07-08 00:00:00-04:00,200.0399932861328,201.1999969482422,197.9600067138672,199.2899932861328,34767300
2024-07-09 00:00:00-04:00,199.39999389648438,200.57000732421875,199.0500030517578,199.33999633789062,32700100
2024-07-10 00:00:00-04:00,200.0,200.11000061035156,197.69000244140625,199.7899932861328,32883800
2024-07-11 00:00:00-04:00,200.08999633789062,200.27000427246094,192.86000061035156,195.0500030517578,44565000
2024-07-12 00:00:00-04:00,194.8000030517578,196.47000122070312,193.8300018310547,194.49000549316406,30598500
2024-07-15 00:00:00-04:00,194.55999755859375,196.19000244140625,190.8300018310547,192.72000122070312,40683200
2024-07-16 00:00:00-04:00,195.58999633789062,196.6199951171875,192.24000549316406,193.02000427246094,33994700
2024-07-17 00:00:00-04:00,191.35000610351562,191.5800018310547,185.99000549316406,187.92999267578125,48076100
2024-07-18 00:00:00-04:00,189.58999633789062,189.67999267578125,181.4499969482422,183.75,51043600
2024-07-19 00:00:00-04:00,181.13999938964844,184.92999267578125,180.11000061035156,183.1300048828125,43081800
2024-07-22 00:00:00-04:00,185.0,185.05999755859375,182.47999572753906,182.5500030517578,39931900
2024-07-23 00:00:00-04:00,184.10000610351562,189.38999938964844,183.55999755859375,186.41000366210938,47537700
2024-07-24 00:00:00-04:00,183.1999969482422,185.4499969482422,180.41000366210938,180.8300018310547,41532400
2024-07-25 00:00:00-04:00,182.91000366210938,183.89999389648438,176.8000030517578,179.85000610351562,44464200
2024-07-26 00:00:00-04:00,180.38999938964844,183.19000244140625,180.24000549316406,182.5,29506000
2024-07-29 00:00:00-04:00,183.83999633789062,184.75,182.3800048828125,183.1999969482422,33270100
2024-07-30 00:00:00-04:00,184.72000122070312,185.86000061035156,179.3800048828125,181.7100067138672,39508600
2024-07-31 00:00:00-04:00,185.0500030517578,187.94000244140625,184.4600067138672,186.97999572753906,41667300
2024-08-01 00:00:00-04:00,189.2899932861328,190.60000610351562,181.8699951171875,184.07000732421875,70435600
2024-08-02 00:00:00-04:00,166.75,168.77000427246094,160.5500030517578,167.89999389648438,141448400
2024-08-05 00:00:00-04:00,154.2100067138672,162.9600067138672,151.61000061035156,161.02000427246094,83149400
2024-08-06 00:00:00-04:00,161.7100067138672,165.0800018310547,158.5399932861328,161.92999267578125,59950800
2024-08-07 00:00:00-04:00,166.5500030517578,167.5800018310547,161.42999267578125,162.77000427246094,48408200
2024-08-08 00:00:00-04:00,165.1699981689453,166.69000244140625,162.5500030517578,165.8000030517578,44616200
2024-08-09 00:00:00-04:00,166.39999389648438,168.5500030517578,165.85000610351562,166.94000244140625,36401000
2024-08-12 00:00:00-04:00,168.13999938964844,168.5500030517578,166.11000061035156,166.8000030517578,30072800
2024-08-13 00:00:00-04:00,167.80999755859375,171.0399932861328,167.10000610351562,170.22999572753906,39237900
2024-08-14 00:00:00-04:00,172.11000061035156,172.27999877929688,168.86000061035156,170.10000610351562,28843800
2024-08-15 00:00:00-04:00,174.86000061035156,177.91000366210938,173.99000549316406,177.58999633789062,51698500
2024-08-16 00:00:00-04:00,177.0399932861328,178.33999633789062,176.25999450683594,177.05999755859375,31489200
2024-08-19 00:00:00-04:00,177.63999938964844,178.3000030517578,176.16000366210938,178.22000122070312,31129800
2024-08-20 00:00:00-04:00,177.9199981689453,179.00999450683594,177.42999267578125,178.8800048828125,26255200
2024-08-21 00:00:00-04:00,179.9199981689453,182.38999938964844,178.88999938964844,180.11000061035156,35599100
2024-08-22 00:00:00-04:00,181.3800048828125,181.47000122070312,175.67999267578125,176.1300048828125,32047500
2024-08-23 00:00:00-04:00,177.33999633789062,178.97000122070312,175.24000549316406,177.0399932861328,29150100
2024-08-26 00:00:00-04:00,176.6999969482422,177.47000122070312,174.3000030517578,175.5,22366200
2024-08-27 00:00:00-04:00,174.14999389648438,174.88999938964844,172.25,173.1199951171875,29842000
2024-08-28 00:00:00-04:00,173.69000244140625,173.69000244140625,168.9199981689453,170.8000030517578,29045000
2024-08-29 00:00:00-04:00,173.22000122070312,174.2899932861328,170.80999755859375,172.1199951171875,26407800
2024-08-30 00:00:00-04:00,172.77999877929688,178.89999389648438,172.60000610351562,178.5,43429400
2024-09-03 00:00:00-04:00,177.5500030517578,178.25999450683594,175.25999450683594,176.25,37817500
2024-09-04 00:00:00-04:00,174.47999572753906,175.97999572753906,172.5399932861328,173.3300018310547,30309200
2024-09-05 00:00:00-04:00,175.0,179.8800048828125,175.0,177.88999938964844,40170500
2024-09-06 00:00:00-04:00,177.24000549316406,178.3800048828125,171.16000366210938,171.38999938964844,41466500
2024-09-09 00:00:00-04:00,174.52999877929688,175.85000610351562,173.50999450683594,175.39999389648438,29037400
2024-09-10 00:00:00-04:00,177.49000549316406,180.5,176.7899932861328,179.5500030517578,36233800
2024-09-11 00:00:00-04:00,180.10000610351562,184.99000549316406,175.72999572753906,184.52000427246094,42564700
2024-09-12 00:00:00-04:00,184.8000030517578,187.41000366210938,183.5399932861328,187.0,33544200
2024-09-13 00:00:00-04:00,187.0,188.5,185.91000366210938,186.49000549316406,26495400
2024-09-16 00:00:00-04:00,185.2899932861328,185.80999755859375,183.36000061035156,184.88999938964844,26065500
2024-09-17 00:00:00-04:00,186.85000610351562,189.4499969482422,186.13999938964844,186.8800048828125,26091700
2024-09-18 00:00:00-04:00,186.4499969482422,188.8000030517578,185.05999755859375,186.42999267578125,34448100
2024-09-19 00:00:00-04:00,190.0399932861328,190.99000549316406,188.47000122070312,189.8699951171875,39543200
2024-09-20 00:00:00-04:00,190.22999572753906,191.83999633789062,187.41000366210938,191.60000610351562,100378600
2024-09-23 00:00:00-04:00,191.63999938964844,194.4499969482422,190.57000732421875,193.8800048828125,36993100
2024-09-24 00:00:00-04:00,194.27000427246094,195.3699951171875,190.1300048828125,193.9600067138672,43478900
2024-09-25 00:00:00-04:00,193.75,193.9499969482422,192.16000366210938,192.52999877929688,26391100
2024-09-26 00:00:00-04:00,194.30999755859375,194.52999877929688,189.5399932861328,191.16000366210938,36334900
2024-09-27 00:00:00-04:00,190.67999267578125,190.89999389648438,187.33999633789062,187.97000122070312,36002300
2024-09-30 00:00:00-04:00,187.13999938964844,188.49000549316406,184.64999389648438,186.3300018310547,41583900
2024-10-01 00:00:00-04:00,184.89999389648438,186.19000244140625,183.4499969482422,185.1300048828125,36044900
2024-10-02 00:00:00-04:00,184.44000244140625,186.60000610351562,184.0399932861328,184.75999450683594,23704100
2024-10-03 00:00:00-04:00,183.0500030517578,183.44000244140625,180.8800048828125,181.9600067138672,30204300
2024-10-04 00:00:00-04:00,185.75,187.60000610351562,183.60000610351562,186.50999450683594,40890300
2024-10-07 00:00:00-04:00,182.9499969482422,183.60000610351562,180.25,180.8000030517578,42364200
2024-10-08 00:00:00-04:00,181.9199981689453,183.08999633789062,180.9199981689453,182.72000122070312,26372100
2024-10-09 00:00:00-04:00,182.82000732421875,185.85000610351562,182.0500030517578,185.1699981689453,26343100
2024-10-10 00:00:00-04:00,187.1300048828125,188.1300048828125,185.8300018310547,186.64999389648438,27785000
2024-10-11 00:00:00-04:00,186.6300048828125,189.92999267578125,186.3000030517578,188.82000732421875,25751600
2024-10-14 00:00:00-04:00,189.77999877929688,189.8300018310547,187.36000061035156,187.5399932861328,22614400
2024-10-15 00:00:00-04:00,187.6300048828125,188.41000366210938,184.5800018310547,187.69000244140625,32178900
2024-10-16 00:00:00-04:00,187.0500030517578,187.77999877929688,185.61000061035156,186.88999938964844,23456800
2024-10-17 00:00:00-04:00,188.22000122070312,188.94000244140625,186.0,187.52999877929688,25039400
2024-10-18 00:00:00-04:00,187.14999389648438,190.74000549316406,186.27999877929688,188.99000549316406,37417700
2024-10-21 00:00:00-04:00,188.0500030517578,189.4600067138672,186.39999389648438,189.07000732421875,24639400
2024-10-22 00:00:00-04:00,188.35000610351562,191.52000427246094,186.97999572753906,189.6999969482422,29650600
2024-10-23 00:00:00-04:00,188.85000610351562,189.16000366210938,183.69000244140625,184.7100067138672,31937100
2024-10-24 00:00:00-04:00,185.25,187.11000061035156,183.86000061035156,186.3800048828125,21647400
2024-10-25 00:00:00-04:00,187.85000610351562,190.4499969482422,187.52999877929688,187.8300018310547,29362100
2024-10-28 00:00:00-04:00,189.57000732421875,190.2100067138672,188.2100067138672,188.38999938964844,27930800
2024-10-29 00:00:00-04:00,188.5800018310547,191.4600067138672,187.82000732421875,190.8300018310547,35690200
2024-10-30 00:00:00-04:00,194.6999969482422,195.61000061035156,192.4199981689453,192.72999572753906,37707600
2024-10-31 00:00:00-04:00,190.50999450683594,190.60000610351562,185.22999572753906,186.39999389648438,75146800
2024-11-01 00:00:00-04:00,199.0,200.5,197.02000427246094,197.92999267578125,99687800
2024-11-04 00:00:00-05:00,196.4499969482422,197.3300018310547,194.30999755859375,195.77999877929688,38492100
2024-11-05 00:00:00-05:00,196.0399932861328,199.82000732421875,195.99000549316406,199.5,30564800
2024-11-06 00:00:00-05:00,200.00999450683594,207.5500030517578,199.13999938964844,207.08999633789062,72292200
2024-11-07 00:00:00-05:00,207.44000244140625,212.25,207.19000244140625,210.0500030517578,52878400
2024-11-08 00:00:00-05:00,209.72000122070312,209.9600067138672,207.44000244140625,208.17999267578125,36075800
2024-11-11 00:00:00-05:00,208.5,209.64999389648438,205.58999633789062,206.83999633789062,35456000
2024-11-12 00:00:00-05:00,208.3699951171875,209.5399932861328,206.00999450683594,208.91000366210938,38942900
2024-11-13 00:00:00-05:00,209.39999389648438,215.08999633789062,209.13999938964844,214.10000610351562,46212900
2024-11-14 00:00:00-05:00,214.16000366210938,215.89999389648438,210.8800048828125,211.47999572753906,42620300
2024-11-15 00:00:00-05:00,206.75999450683594,207.33999633789062,199.61000061035156,202.61000061035156,86591100
2024-11-18 00:00:00-05:00,204.14999389648438,204.6699981689453,200.9499969482422,201.6999969482422,36409900
2024-11-19 00:00:00-05:00,199.3300018310547,205.3000030517578,198.77999877929688,204.61000061035156,31197900
2024-11-20 00:00:00-05:00,202.97999572753906,203.1300048828125,199.4499969482422,202.8800048828125,32769000
2024-11-21 00:00:00-05:00,203.49000549316406,203.49000549316406,195.75,198.3800048828125,58800000
2024-11-22 00:00:00-05:00,198.25,199.25999450683594,196.75,197.1199951171875,31530800
2024-11-25 00:00:00-05:00,199.27999877929688,201.9499969482422,199.0,201.4499969482422,40685700
2024-11-26 00:00:00-05:00,201.89999389648438,208.0,201.7899932861328,207.86000061035156,41673700
2024-11-27 00:00:00-05:00,206.97999572753906,207.63999938964844,205.0500030517578,205.74000549316406,28061600
2024-11-29 00:00:00-05:00,205.8300018310547,208.1999969482422,204.58999633789062,207.88999938964844,24892400
2024-12-02 00:00:00-05:00,209.9600067138672,212.99000549316406,209.50999450683594,210.7100067138672,39523200
2024-12-03 00:00:00-05:00,210.30999755859375,214.02000427246094,209.64999389648438,213.44000244140625,32214800
2024-12-04 00:00:00-05:00,215.9600067138672,220.0,215.75,218.16000366210938,48745700
2024-12-05 00:00:00-05:00,218.02999877929688,222.14999389648438,217.3000030517578,220.5500030517578,41140200
2024-12-06 00:00:00-05:00,220.75,227.14999389648438,220.60000610351562,227.02999877929688,44178100
2024-12-09 00:00:00-05:00,227.2100067138672,230.0800018310547,225.6699981689453,226.08999633789062,46819400
2024-12-10 00:00:00-05:00,226.08999633789062,229.05999755859375,224.1999969482422,225.0399932861328,31199900
2024-12-11 00:00:00-05:00,226.41000366210938,231.1999969482422,226.25999450683594,230.25999450683594,35385800
2024-12-12 00:00:00-05:00,229.8300018310547,231.08999633789062,227.6300048828125,228.97000122070312,28204100
2024-12-13 00:00:00-05:00,228.39999389648438,230.1999969482422,225.86000061035156,227.4600067138672,28768100
2024-12-16 00:00:00-05:00,230.22999572753906,233.0,228.00999450683594,232.92999267578125,37552100
2024-12-17 00:00:00-05:00,232.38999938964844,232.72999572753906,227.85000610351562,231.14999389648438,35948100
2024-12-18 00:00:00-05:00,230.77000427246094,231.39999389648438,220.11000061035156,220.52000427246094,43281400
2024-12-19 00:00:00-05:00,224.91000366210938,226.08999633789062,222.9199981689453,223.2899932861328,39918700
2024-12-20 00:00:00-05:00,219.83999633789062,226.2100067138672,218.72999572753906,224.9199981689453,88279200
2024-12-23 00:00:00-05:00,225.00999450683594,226.8800048828125,223.89999389648438,225.05999755859375,28070000
2024-12-24 00:00:00-05:00,226.94000244140625,229.13999938964844,226.1300048828125,229.0500030517578,15007500
2024-12-26 00:00:00-05:00,228.5,228.5,226.6699981689453,227.0500030517578,16146700
2024-12-27 00:00:00-05:00,225.60000610351562,226.02999877929688,220.89999389648438,223.75,27367100
2024-12-30 00:00:00-05:00,220.05999755859375,223.0,218.42999267578125,221.3000030517578,28321200
2024-12-31 00:00:00-05:00,222.97000122070312,223.22999572753906,218.94000244140625,219.38999938964844,24819700
2025-01-02 00:00:00-05:00,222.02999877929688,225.14999389648438,218.19000244140625,220.22000122070312,33956600
2025-01-03 00:00:00-05:00,222.50999450683594,225.36000061035156,221.6199951171875,224.19000244140625,27515600
2025-01-06 00:00:00-05:00,226.77999877929688,228.83999633789062,224.83999633789062,227.61000061035156,31849800
2025-01-07 00:00:00-05:00,227.89999389648438,228.3800048828125,221.4600067138672,222.11000061035156,28084200
2025-01-08 00:00:00-05:00,223.19000244140625,223.52000427246094,220.1999969482422,222.1300048828125,25033300
2025-01-10 00:00:00-05:00,221.4600067138672,221.7100067138672,216.5,218.94000244140625,36811500
2025-01-13 00:00:00-05:00,218.05999755859375,219.39999389648438,216.47000122070312,218.4600067138672,27262700
2025-01-14 00:00:00-05:00,220.44000244140625,221.82000732421875,216.1999969482422,217.75999450683594,24711700
2025-01-15 00:00:00-05:00,222.8300018310547,223.57000732421875,220.75,223.35000610351562,31291300
2025-01-16 00:00:00-05:00,224.4199981689453,224.64999389648438,220.30999755859375,220.66000366210938,24757300
2025-01-17 00:00:00-05:00,225.83999633789062,226.50999450683594,223.0800018310547,225.94000244140625,42370100
2025-01-21 00:00:00-05:00,228.89999389648438,231.77999877929688,226.94000244140625,230.7100067138672,39951500
2025-01-22 00:00:00-05:00,232.02000427246094,235.44000244140625,231.19000244140625,235.00999450683594,41448200
2025-01-23 00:00:00-05:00,234.10000610351562,235.52000427246094,231.50999450683594,235.4199981689453,26404400
2025-01-24 00:00:00-05:00,234.5,236.39999389648438,232.92999267578125,234.85000610351562,25890700
2025-01-27 00:00:00-05:00,226.2100067138672,235.61000061035156,225.86000061035156,235.4199981689453,49428300
2025-01-28 00:00:00-05:00,234.2899932861328,241.77000427246094,233.97999572753906,238.14999389648438,41587200
2025-01-29 00:00:00-05:00,239.02000427246094,240.38999938964844,236.14999389648438,237.07000732421875,26091700
2025-01-30 00:00:00-05:00,237.13999938964844,237.9499969482422,232.22000122070312,234.63999938964844,32020700
2025-01-31 00:00:00-05:00,236.5,240.2899932861328,236.41000366210938,237.67999267578125,36110200
2025-02-03 00:00:00-05:00,234.05999755859375,239.25,232.89999389648438,237.4199981689453,37285900
2025-02-04 00:00:00-05:00,239.00999450683594,242.52000427246094,238.02999877929688,242.05999755859375,29713800
2025-02-05 00:00:00-05:00,237.02000427246094,238.32000732421875,235.1999969482422,236.1699981689453,38727300
2025-02-06 00:00:00-05:00,238.00999450683594,239.66000366210938,236.00999450683594,238.8300018310547,60897100
2025-02-07 00:00:00-05:00,232.5,234.80999755859375,228.05999755859375,229.14999389648438,77539300
2025-02-10 00:00:00-05:00,230.5500030517578,233.9199981689453,229.1999969482422,233.13999938964844,35419900
2025-02-11 00:00:00-05:00,231.9199981689453,233.44000244140625,230.1300048828125,232.75999450683594,23713700
2025-02-12 00:00:00-05:00,230.4600067138672,231.17999267578125,228.16000366210938,228.92999267578125,32285200
2025-02-13 00:00:00-05:00,228.85000610351562,230.4199981689453,227.52000427246094,230.3699951171875,31346500
2025-02-14 00:00:00-05:00,229.1999969482422,229.88999938964844,227.22999572753906,228.67999267578125,27031100
2025-02-18 00:00:00-05:00,228.82000732421875,229.3000030517578,223.72000122070312,226.64999389648438,42975100
2025-02-19 00:00:00-05:00,225.52000427246094,226.8300018310547,223.7100067138672,226.6300048828125,28566700
2025-02-20 00:00:00-05:00,224.77999877929688,225.1300048828125,221.80999755859375,222.8800048828125,30001700
2025-02-21 00:00:00-05:00,223.27999877929688,223.30999755859375,214.74000549316406,216.5800018310547,55323900
2025-02-24 00:00:00-05:00,217.4499969482422,217.72000122070312,212.4199981689453,212.7100067138672,42387600
2025-02-25 00:00:00-05:00,211.6300048828125,213.33999633789062,204.16000366210938,212.8000030517578,58958000
2025-02-26 00:00:00-05:00,214.94000244140625,218.16000366210938,213.08999633789062,214.35000610351562,39120600
2025-02-27 00:00:00-05:00,218.35000610351562,219.97000122070312,208.3699951171875,208.74000549316406,40548600
2025-02-28 00:00:00-05:00,208.64999389648438,212.6199951171875,206.99000549316406,212.27999877929688,51771700
2025-03-03 00:00:00-05:00,213.35000610351562,214.00999450683594,202.5500030517578,205.02000427246094,42948400
2025-03-04 00:00:00-05:00,200.11000061035156,206.8000030517578,197.42999267578125,203.8000030517578,60853100
2025-03-05 00:00:00-05:00,204.8000030517578,209.97999572753906,203.25999450683594,208.36000061035156,38610100
2025-03-06 00:00:00-05:00,204.39999389648438,205.77000427246094,198.3000030517578,200.6999969482422,49863800
2025-03-07 00:00:00-05:00,199.49000549316406,202.27000427246094,192.52999877929688,199.25,59802800
2025-03-10 00:00:00-04:00,195.60000610351562,196.72999572753906,190.85000610351562,194.5399932861328,62350900
2025-03-11 00:00:00-04:00,193.89999389648438,200.17999267578125,193.39999389648438,196.58999633789062,54002900
2025-03-12 00:00:00-04:00,200.72000122070312,201.52000427246094,195.2899932861328,198.88999938964844,43679300
2025-03-13 00:00:00-04:00,198.1699981689453,198.8800048828125,191.82000732421875,193.88999938964844,41270800
2025-03-14 00:00:00-04:00,197.41000366210938,198.64999389648438,195.32000732421875,197.9499969482422,38096700
2025-03-17 00:00:00-04:00,198.77000427246094,199.0,194.32000732421875,195.74000549316406,47341800
2025-03-18 00:00:00-04:00,192.52000427246094,194.0,189.3800048828125,192.82000732421875,40414900
2025-03-19 00:00:00-04:00,193.3800048828125,195.97000122070312,191.9600067138672,195.5399932861328,39442900
2025-03-20 00:00:00-04:00,193.07000732421875,199.32000732421875,192.3000030517578,194.9499969482422,38921100
2025-03-21 00:00:00-04:00,192.89999389648438,196.99000549316406,192.52000427246094,196.2100067138672,60056900
2025-03-24 00:00:00-04:00,200.0,203.63999938964844,199.9499969482422,203.25999450683594,41625400
2025-03-25 00:00:00-04:00,203.60000610351562,206.2100067138672,203.22000122070312,205.7100067138672,31171200
2025-03-26 00:00:00-04:00,205.83999633789062,206.00999450683594,199.92999267578125,201.1300048828125,32855300
2025-03-27 00:00:00-04:00,200.88999938964844,203.7899932861328,199.27999877929688,201.36000061035156,27317700
2025-03-28 00:00:00-04:00,198.4199981689453,199.25999450683594,191.8800048828125,192.72000122070312,52548200
2025-03-31 00:00:00-04:00,188.19000244140625,191.3300018310547,184.39999389648438,190.25999450683594,63547600
2025-04-01 00:00:00-04:00,187.86000061035156,193.92999267578125,187.1999969482422,192.1699981689453,41267300
2025-04-02 00:00:00-04:00,187.66000366210938,198.33999633789062,187.66000366210938,196.00999450683594,53679200
2025-04-03 00:00:00-04:00,183.0,184.1300048828125,176.9199981689453,178.41000366210938,95553600
2025-04-04 00:00:00-04:00,167.14999389648438,178.13999938964844,166.0,171.0,123159400
2025-04-07 00:00:00-04:00,162.0,183.41000366210938,161.3800048828125,175.25999450683594,109327100
2025-04-08 00:00:00-04:00,185.22999572753906,185.89999389648438,168.57000732421875,170.66000366210938,87710400
2025-04-09 00:00:00-04:00,172.1199951171875,192.64999389648438,169.92999267578125,191.10000610351562,116804300
2025-04-10 00:00:00-04:00,185.44000244140625,186.8699951171875,175.85000610351562,181.22000122070312,68302000
2025-04-11 00:00:00-04:00,179.92999267578125,185.86000061035156,178.0,184.8699951171875,50594300
2025-04-14 00:00:00-04:00,186.83999633789062,187.44000244140625,179.22999572753906,182.1199951171875,48002500
2025-04-15 00:00:00-04:00,181.41000366210938,182.35000610351562,177.92999267578125,179.58999633789062,43642000
2025-04-16 00:00:00-04:00,176.2899932861328,179.10000610351562,171.41000366210938,174.3300018310547,51875300
2025-04-17 00:00:00-04:00,176.0,176.2100067138672,172.0,172.61000061035156,44726500
2025-04-21 00:00:00-04:00,169.60000610351562,169.60000610351562,165.2899932861328,167.32000732421875,48126100
2025-04-22 00:00:00-04:00,169.85000610351562,176.77999877929688,169.35000610351562,173.17999267578125,56607200
2025-04-23 00:00:00-04:00,183.4499969482422,187.3800048828125,180.19000244140625,180.60000610351562,63470100
2025-04-24 00:00:00-04:00,180.9199981689453,186.74000549316406,180.17999267578125,186.5399932861328,43763200
2025-04-25 00:00:00-04:00,187.6199951171875,189.94000244140625,185.49000549316406,188.99000549316406,36414300
2025-04-28 00:00:00-04:00,190.11000061035156,190.22000122070312,184.88999938964844,187.6999969482422,33224700
2025-04-29 00:00:00-04:00,183.99000549316406,188.02000427246094,183.67999267578125,187.38999938964844,41667300
2025-04-30 00:00:00-04:00,182.1699981689453,185.0500030517578,178.85000610351562,184.4199981689453,55176500
2025-05-01 00:00:00-04:00,190.6300048828125,191.80999755859375,187.5,190.1999969482422,74266000
2025-05-02 00:00:00-04:00,191.44000244140625,192.8800048828125,186.39999389648438,189.97999572753906,77903500
2025-05-05 00:00:00-04:00,186.50999450683594,188.17999267578125,185.52999877929688,186.35000610351562,35217500
2025-05-06 00:00:00-04:00,184.57000732421875,187.92999267578125,183.85000610351562,185.00999450683594,29314100
2025-05-07 00:00:00-04:00,185.55999755859375,190.99000549316406,185.00999450683594,188.7100067138672,43948600
2025-05-08 00:00:00-04:00,191.42999267578125,194.3300018310547,188.82000732421875,192.0800018310547,41043600
2025-05-09 00:00:00-04:00,193.3800048828125,194.69000244140625,191.16000366210938,193.05999755859375,29663100
2025-05-12 00:00:00-04:00,210.7100067138672,211.66000366210938,205.75,208.63999938964844,75205000
2025-05-13 00:00:00-04:00,211.0800018310547,214.83999633789062,210.10000610351562,211.3699951171875,56193700
2025-05-14 00:00:00-04:00,211.4499969482422,211.92999267578125,208.85000610351562,210.25,38492100
2025-05-15 00:00:00-04:00,206.4499969482422,206.8800048828125,202.6699981689453,205.1699981689453,64347300
2025-05-16 00:00:00-04:00,206.85000610351562,206.85000610351562,204.3699951171875,205.58999633789062,43318500
2025-05-19 00:00:00-04:00,201.64999389648438,206.6199951171875,201.25999450683594,206.16000366210938,34314800
2025-05-20 00:00:00-04:00,204.6300048828125,205.58999633789062,202.64999389648438,204.07000732421875,29470400
2025-05-21 00:00:00-04:00,201.61000061035156,203.4600067138672,200.05999755859375,201.1199951171875,42460900
2025-05-22 00:00:00-04:00,201.3800048828125,205.75999450683594,200.16000366210938,203.10000610351562,38938900
2025-05-23 00:00:00-04:00,198.89999389648438,202.3699951171875,197.85000610351562,200.99000549316406,33393500
2025-05-27 00:00:00-04:00,203.08999633789062,206.69000244140625,202.19000244140625,206.02000427246094,34892000
2025-05-28 00:00:00-04:00,205.9199981689453,207.66000366210938,204.41000366210938,204.72000122070312,28549800
2025-05-29 00:00:00-04:00,208.02999877929688,208.80999755859375,204.22999572753906,205.6999969482422,34650000
2025-05-30 00:00:00-04:00,204.83999633789062,205.99000549316406,201.6999969482422,205.00999450683594,51679400
2025-06-02 00:00:00-04:00,204.97999572753906,207.0,202.67999267578125,206.64999389648438,29113300
2025-06-03 00:00:00-04:00,207.11000061035156,208.9499969482422,205.02999877929688,205.7100067138672,33139100
2025-06-04 00:00:00-04:00,206.5500030517578,208.17999267578125,205.17999267578125,207.22999572753906,29915600
2025-06-05 00:00:00-04:00,209.5500030517578,212.80999755859375,207.55999755859375,207.91000366210938,51864200
2025-06-06 00:00:00-04:00,212.39999389648438,213.8699951171875,210.5,213.57000732421875,39832500
2025-06-09 00:00:00-04:00,214.75,217.85000610351562,212.8800048828125,216.97999572753906,38102500
2025-06-10 00:00:00-04:00,216.77999877929688,217.69000244140625,214.14999389648438,217.61000061035156,31303300
2025-06-11 00:00:00-04:00,217.41000366210938,218.39999389648438,212.88999938964844,213.1999969482422,39326000
2025-06-12 00:00:00-04:00,211.77999877929688,213.5800018310547,211.3300018310547,213.24000549316406,27640000
2025-06-13 00:00:00-04:00,209.9600067138672,214.0500030517578,209.6199951171875,212.10000610351562,29337800
2025-06-16 00:00:00-04:00,212.30999755859375,217.05999755859375,211.60000610351562,216.10000610351562,33284200
2025-06-17 00:00:00-04:00,215.1999969482422,217.41000366210938,214.55999755859375,214.82000732421875,32086300
2025-06-18 00:00:00-04:00,215.08999633789062,217.9600067138672,212.33999633789062,212.52000427246094,44360500
2025-06-20 00:00:00-04:00,214.67999267578125,214.88999938964844,208.27000427246094,209.69000244140625,75350700
2025-06-23 00:00:00-04:00,209.7899932861328,210.38999938964844,207.30999755859375,208.47000122070312,37311700
2025-06-24 00:00:00-04:00,212.13999938964844,214.33999633789062,211.0500030517578,212.77000427246094,38378800
2025-06-25 00:00:00-04:00,214.6199951171875,216.02999877929688,211.11000061035156,211.99000549316406,31755700
2025-06-26 00:00:00-04:00,213.1199951171875,218.0399932861328,212.00999450683594,217.1199951171875,50480800
2025-06-27 00:00:00-04:00,219.9199981689453,223.3000030517578,216.74000549316406,223.3000030517578,119217100
2025-06-30 00:00:00-04:00,223.52000427246094,223.82000732421875,219.1199951171875,219.38999938964844,58887800
2025-07-01 00:00:00-04:00,219.5,221.8800048828125,217.92999267578125,220.4600067138672,39256800
2025-07-02 00:00:00-04:00,219.72999572753906,221.60000610351562,219.05999755859375,219.9199981689453,30894200
2025-07-03 00:00:00-04:00,221.82000732421875,224.00999450683594,221.36000061035156,223.41000366210938,29632400
2025-07-07 00:00:00-04:00,223.0,224.2899932861328,222.3699951171875,223.47000122070312,36604100
2025-07-08 00:00:00-04:00,223.9199981689453,224.0,218.42999267578125,219.36000061035156,45692000
2025-07-09 00:00:00-04:00,221.07000732421875,224.2899932861328,220.47000122070312,222.5399932861328,38155100
2025-07-10 00:00:00-04:00,221.5500030517578,222.7899932861328,219.6999969482422,222.25999450683594,30370600
2025-07-11 00:00:00-04:00,223.5800018310547,226.67999267578125,222.3699951171875,225.02000427246094,50518300
2025-07-14 00:00:00-04:00,225.07000732421875,226.66000366210938,224.24000549316406,225.69000244140625,35702600
2025-07-15 00:00:00-04:00,226.1999969482422,227.27000427246094,225.4600067138672,226.35000610351562,34907300
2025-07-16 00:00:00-04:00,225.8800048828125,226.10000610351562,222.17999267578125,223.19000244140625,39535900
2025-07-17 00:00:00-04:00,223.32000732421875,224.5,222.50999450683594,223.8800048828125,31855800
2025-07-18 00:00:00-04:00,225.13999938964844,226.39999389648438,222.97999572753906,226.1300048828125,37833800
2025-07-21 00:00:00-04:00,225.83999633789062,229.69000244140625,225.64999389648438,229.3000030517578,40297600
2025-07-22 00:00:00-04:00,229.67999267578125,230.0,226.35000610351562,227.47000122070312,37483700
2025-07-23 00:00:00-04:00,228.47000122070312,228.7899932861328,227.08999633789062,228.2899932861328,28294900
2025-07-24 00:00:00-04:00,229.1699981689453,236.0,228.63999938964844,232.22999572753906,42902300
2025-07-25 00:00:00-04:00,232.22000122070312,232.47999572753906,231.17999267578125,231.44000244140625,28712100
2025-07-28 00:00:00-04:00,233.35000610351562,234.2899932861328,232.25,232.7899932861328,26300100
2025-07-29 00:00:00-04:00,234.14999389648438,234.72000122070312,230.30999755859375,231.00999450683594,33716200
2025-07-30 00:00:00-04:00,231.63999938964844,231.8000030517578,229.2899932861328,230.19000244140625,32993300
2025-07-31 00:00:00-04:00,235.77000427246094,236.52999877929688,231.39999389648438,234.11000061035156,104357300
2025-08-01 00:00:00-04:00,217.2100067138672,220.44000244140625,212.8000030517578,214.75,122258800
2025-08-04 00:00:00-04:00,217.39999389648438,217.44000244140625,211.4199981689453,211.64999389648438,77890100
2025-08-05 00:00:00-04:00,213.0500030517578,216.3000030517578,212.8699951171875,213.75,51505100
2025-08-06 00:00:00-04:00,214.6999969482422,222.64999389648438,213.74000549316406,222.30999755859375,54823000
2025-08-07 00:00:00-04:00,221.0,226.22000122070312,220.82000732421875,223.1300048828125,40603500
2025-08-08 00:00:00-04:00,223.13999938964844,223.8000030517578,221.8800048828125,222.69000244140625,32970500
2025-08-11 00:00:00-04:00,221.77999877929688,223.0500030517578,220.39999389648438,221.3000030517578,31646200
2025-08-12 00:00:00-04:00,222.22999572753906,223.5,219.0500030517578,221.47000122070312,37185800
2025-08-13 00:00:00-04:00,222.0,224.9199981689453,222.0,224.55999755859375,36508300
2025-08-14 00:00:00-04:00,227.39999389648438,233.11000061035156,227.02000427246094,230.97999572753906,61545800
2025-08-15 00:00:00-04:00,232.5800018310547,234.0800018310547,229.80999755859375,231.02999877929688,39649200
2025-08-18 00:00:00-04:00,230.22999572753906,231.91000366210938,228.3300018310547,231.49000549316406,25248900
2025-08-19 00:00:00-04:00,230.08999633789062,230.52999877929688,227.1199951171875,228.00999450683594,29891000
2025-08-20 00:00:00-04:00,227.1199951171875,227.27000427246094,220.9199981689453,223.80999755859375,36604300
2025-08-21 00:00:00-04:00,222.64999389648438,222.77999877929688,220.5,221.9499969482422,32140500
2025-08-22 00:00:00-04:00,222.7899932861328,229.13999938964844,220.82000732421875,228.83999633789062,37315300
2025-08-25 00:00:00-04:00,227.35000610351562,229.60000610351562,227.30999755859375,227.94000244140625,22633700
2025-08-26 00:00:00-04:00,227.11000061035156,229.0,226.02000427246094,228.7100067138672,26105400
2025-08-27 00:00:00-04:00,228.57000732421875,229.86000061035156,227.82000732421875,229.1199951171875,19885093
